student_id,first_name,last_name
724A1092,tony,blanco
722A1017,woods,tyrone
718A0097,ochoa,alex
719A1096,hirokazu,ibata
722A1036,masahiro,araki
720A0030,kazuyoshi,tatsunami
730A2019,kosuke,fukudome
729A2059,kazuki,inoue
727A0062,motonobu,tanisige
718A2035,atsushi,fujii
730A1032,masahiko,morino
728A0047,kazuhiro,wada
727A0027,yohei,ohshima
719A0087,kohei,oda
719A2044,kei,nomoto
725A2062,naomichi,donoue
727A0036,takehiro,donoue
727A1013,ryosuke,hirata
729A0084,shuhei,takahashi
718A0029,kyohei,kamezawa
729A2078,sho,nakata
723A1045,takuya,kinoshita
727A0076,seiya,hosokawa
723A0017,takaya,ishikawa
728A1040,hiroto,takahashi
730A0080,shinnosuke,ogasawara
721A0065,yudai,ohno
725A2057,hideaki,wakui
729A2093,yuuya,yanagi
728A2024,kodai,umetsu
723A0070,yuki,okabayashi
729A0090,mikiya,tanaka
722A0092,kazuki,yoshimi
729A0021,takuya,asao
724A2028,hitoki,iwase
730A2078,sennichi,hoshino
728A1092,hiromitu,ochiai
725A0064,shigekazu,mori
722A1096,junki,ito
729A2036,kenichi,nakata
718A0017,hirokazu,araki
722A2040,masahiro,donoue
718A2042,kazuyoshi,umetsu
727A2026,kosuke,nakata
725A1041,kazuki,wakui
728A1010,motonobu,takahashi
730A1066,atsushi,asao
724A2028,masahiko,kamezawa
720A0021,kazuhiro,nomoto
725A1083,yohei,ochiai
719A1096,kohei,oda
723A2057,kei,mori
730A1090,naomichi,tanaka
719A1074,takehiro,nakata
727A0029,ryosuke,yoshimi
729A0042,shuhei,tanisige
726A0073,kyohei,fukudome
722A1065,sho,yanagi
718A0060,takuya,ito
720A1051,seiya,ogasawara
730A1071,takaya,hirata
718A2069,hiroto,iwase
722A2010,shinnosuke,takahashi
722A2065,yudai,okabayashi
723A2010,hideaki,ishikawa
726A2055,yuuya,morino
726A1016,kodai,ohno
722A2036,yuki,fujii
725A2083,mikiya,inoue
725A0051,kazuki,ibata
718A1074,takuya,hoshino
721A0070,hitoki,wada
727A2098,sennichi,donoue
725A1060,hiromitu,kinoshita
723A1039,shigekazu,ohshima
729A0034,junki,tatsunami
721A2021,kenichi,hosokawa
722A1085,kei,ohshima
725A0071,naomichi,oda
728A1057,takehiro,nomoto
725A1017,ryosuke,donoue
726A1019,shuhei,donoue
730A0071,kyohei,hirata
728A2061,sho,takahashi
719A1057,takuya,kamezawa
724A0049,seiya,nakata
723A2049,takaya,kinoshita
720A0067,hiroto,hosokawa
726A0016,shinnosuke,ishikawa
720A0022,yudai,takahashi
718A2068,hideaki,ogasawara
720A2039,yuuya,ohno
724A1031,kodai,wakui
725A2073,yuki,yanagi
722A0014,mikiya,umetsu
725A2046,kazuki,okabayashi
722A2053,takuya,tanaka
723A1012,hitoki,yoshimi
719A2082,sennichi,asao
724A0041,hiromitu,iwase
