mail_address,department
blanco.tony.24@shizuoka.ac.jp,情報社会学科
tyrone.woods.22@shizuoka.ac.jp,情報社会学科
alex.ochoa.18@shizuoka.ac.jp,情報科学科
ibata.hirokazu.19@shizuoka.ac.jp,情報社会学科
araki.masahiro.22@shizuoka.ac.jp,情報社会学科
tatsunami.kazuyoshi.20@shizuoka.ac.jp,情報科学科
fukudome.kosuke.30@shizuoka.ac.jp,行動情報学科
inoue.kazuki.29@shizuoka.ac.jp,行動情報学科
tanisige.motonobu.27@shizuoka.ac.jp,情報科学科
fujii.atsushi.18@shizuoka.ac.jp,行動情報学科
morino.masahiko.30@shizuoka.ac.jp,情報社会学科
wada.kazuhiro.28@shizuoka.ac.jp,情報科学科
ohshima.yohei.27@shizuoka.ac.jp,情報科学科
oda.kohei.19@shizuoka.ac.jp,情報科学科
nomoto.kei.19@shizuoka.ac.jp,行動情報学科
donoue.naomichi.25@shizuoka.ac.jp,行動情報学科
donoue.takehiro.27@shizuoka.ac.jp,情報科学科
hirata.ryosuke.27@shizuoka.ac.jp,情報社会学科
takahashi.shuhei.29@shizuoka.ac.jp,情報科学科
kamezawa.kyohei.18@shizuoka.ac.jp,情報科学科
nakata.sho.29@shizuoka.ac.jp,行動情報学科
kinoshita.takuya.23@shizuoka.ac.jp,情報社会学科
hosokawa.seiya.27@shizuoka.ac.jp,情報科学科
ishikawa.takaya.23@shizuoka.ac.jp,情報科学科
takahashi.hiroto.28@shizuoka.ac.jp,情報社会学科
ogasawara.shinnosuke.30@shizuoka.ac.jp,情報科学科
ohno.yudai.21@shizuoka.ac.jp,情報科学科
wakui.hideaki.25@shizuoka.ac.jp,行動情報学科
yanagi.yuuya.29@shizuoka.ac.jp,行動情報学科
umetsu.kodai.28@shizuoka.ac.jp,行動情報学科
okabayashi.yuki.23@shizuoka.ac.jp,情報科学科
tanaka.mikiya.29@shizuoka.ac.jp,情報科学科
yoshimi.kazuki.22@shizuoka.ac.jp,情報科学科
asao.takuya.29@shizuoka.ac.jp,情報科学科
iwase.hitoki.24@shizuoka.ac.jp,行動情報学科
hoshino.sennichi.30@shizuoka.ac.jp,行動情報学科
ochiai.hiromitu.28@shizuoka.ac.jp,情報社会学科
mori.shigekazu.25@shizuoka.ac.jp,情報科学科
ito.junki.22@shizuoka.ac.jp,情報社会学科
nakata.kenichi.29@shizuoka.ac.jp,行動情報学科
araki.hirokazu.18@shizuoka.ac.jp,情報科学科
donoue.masahiro.22@shizuoka.ac.jp,行動情報学科
umetsu.kazuyoshi.18@shizuoka.ac.jp,行動情報学科
nakata.kosuke.27@shizuoka.ac.jp,行動情報学科
wakui.kazuki.25@shizuoka.ac.jp,情報社会学科
takahashi.motonobu.28@shizuoka.ac.jp,情報社会学科
asao.atsushi.30@shizuoka.ac.jp,情報社会学科
kamezawa.masahiko.24@shizuoka.ac.jp,行動情報学科
nomoto.kazuhiro.20@shizuoka.ac.jp,情報科学科
ochiai.yohei.25@shizuoka.ac.jp,情報社会学科
oda.kohei.19@shizuoka.ac.jp,情報社会学科
mori.kei.23@shizuoka.ac.jp,行動情報学科
tanaka.naomichi.30@shizuoka.ac.jp,情報社会学科
nakata.takehiro.19@shizuoka.ac.jp,情報社会学科
yoshimi.ryosuke.27@shizuoka.ac.jp,情報科学科
tanisige.shuhei.29@shizuoka.ac.jp,情報科学科
fukudome.kyohei.26@shizuoka.ac.jp,情報科学科
yanagi.sho.22@shizuoka.ac.jp,情報社会学科
ito.takuya.18@shizuoka.ac.jp,情報科学科
ogasawara.seiya.20@shizuoka.ac.jp,情報社会学科
hirata.takaya.30@shizuoka.ac.jp,情報社会学科
iwase.hiroto.18@shizuoka.ac.jp,行動情報学科
takahashi.shinnosuke.22@shizuoka.ac.jp,行動情報学科
okabayashi.yudai.22@shizuoka.ac.jp,行動情報学科
ishikawa.hideaki.23@shizuoka.ac.jp,行動情報学科
morino.yuuya.26@shizuoka.ac.jp,行動情報学科
ohno.kodai.26@shizuoka.ac.jp,情報社会学科
fujii.yuki.22@shizuoka.ac.jp,行動情報学科
inoue.mikiya.25@shizuoka.ac.jp,行動情報学科
ibata.kazuki.25@shizuoka.ac.jp,情報科学科
hoshino.takuya.18@shizuoka.ac.jp,情報社会学科
wada.hitoki.21@shizuoka.ac.jp,情報科学科
donoue.sennichi.27@shizuoka.ac.jp,行動情報学科
kinoshita.hiromitu.25@shizuoka.ac.jp,情報社会学科
ohshima.shigekazu.23@shizuoka.ac.jp,情報社会学科
tatsunami.junki.29@shizuoka.ac.jp,情報科学科
hosokawa.kenichi.21@shizuoka.ac.jp,行動情報学科
ohshima.kei.22@shizuoka.ac.jp,情報社会学科
oda.naomichi.25@shizuoka.ac.jp,情報科学科
nomoto.takehiro.28@shizuoka.ac.jp,情報社会学科
donoue.ryosuke.25@shizuoka.ac.jp,情報社会学科
donoue.shuhei.26@shizuoka.ac.jp,情報社会学科
hirata.kyohei.30@shizuoka.ac.jp,情報科学科
takahashi.sho.28@shizuoka.ac.jp,行動情報学科
kamezawa.takuya.19@shizuoka.ac.jp,情報社会学科
nakata.seiya.24@shizuoka.ac.jp,情報科学科
kinoshita.takaya.23@shizuoka.ac.jp,行動情報学科
hosokawa.hiroto.20@shizuoka.ac.jp,情報科学科
ishikawa.shinnosuke.26@shizuoka.ac.jp,情報科学科
takahashi.yudai.20@shizuoka.ac.jp,情報科学科
ogasawara.hideaki.18@shizuoka.ac.jp,行動情報学科
ohno.yuuya.20@shizuoka.ac.jp,行動情報学科
wakui.kodai.24@shizuoka.ac.jp,情報社会学科
yanagi.yuki.25@shizuoka.ac.jp,行動情報学科
umetsu.mikiya.22@shizuoka.ac.jp,情報科学科
okabayashi.kazuki.25@shizuoka.ac.jp,行動情報学科
tanaka.takuya.22@shizuoka.ac.jp,行動情報学科
yoshimi.hitoki.23@shizuoka.ac.jp,情報社会学科
asao.sennichi.19@shizuoka.ac.jp,行動情報学科
iwase.hiromitu.24@shizuoka.ac.jp,情報科学科
